clip_id,platform,account,publish_at,body,link,status
20260827_샘플영상_clip01,instagram,a,2026-08-29 20:00,"친구 먼저 보낸 날, 연락이 안 됐습니다

지난주 금요일에 친구를 먼저 보냈는데 새벽까지 연락이 안 됐어요.

집가는 게임 점수로 귀가 시간을 정하는 사이트입니다.
평균 40점 미만이면 화면에 뜨는 두 글자 — ""집 가""
설치 없이 링크로 바로 쓸 수 있어요.

곧 열립니다. 댓글에 ""점수"" 남겨주시면 제일 먼저 알려드릴게요.
#집가 #귀가 #모임",https://play.google.com/store/apps/details?id=com.example.zipga&referrer=utm_source%3Da%26utm_medium%3Dinstagram_bio%26utm_campaign%3Dlaunch2026,draft
20260827_샘플영상_clip01,youtube,a,2026-09-02 19:00,"지난주 금요일에 친구를 먼저 보냈는데 새벽까지 연락이 안 됐어요. | 점수 낮으면 집 가는 사이트, 집가
#집가 #shorts",https://play.google.com/store/apps/details?id=com.example.zipga&referrer=utm_source%3Da%26utm_medium%3Dyoutube_bio%26utm_campaign%3Dlaunch2026,draft
20260827_샘플영상_clip01,threads,a,2026-09-05 20:00,"친구 먼저 보낸 날, 연락이 안 됐습니다

모임에서 게임 하나 하고, 점수가 낮으면 집에 갈 시간을 알려주는 사이트를 만들고 있습니다.
이름은 집가. 벌칙이 곧 귀가예요.

지난주 금요일에 친구를 먼저 보냈는데 새벽까지 연락이 안 됐어요.

관심 있으면 댓글 남겨주세요.",https://play.google.com/store/apps/details?id=com.example.zipga&referrer=utm_source%3Da%26utm_medium%3Dthreads_bio%26utm_campaign%3Dlaunch2026,draft
20260827_샘플영상_clip02,instagram,a,2026-09-09 19:00,"친구 먼저 보낸 날, 연락이 안 됐습니다

일등이어도 사십 점이 안 되면 벌칙이에요. 봐주는 거 없습니다.

집가는 게임 점수로 귀가 시간을 정하는 사이트입니다.
평균 40점 미만이면 화면에 뜨는 두 글자 — ""집 가""
설치 없이 링크로 바로 쓸 수 있어요.

곧 열립니다. 댓글에 ""점수"" 남겨주시면 제일 먼저 알려드릴게요.
#집가 #귀가 #모임",https://play.google.com/store/apps/details?id=com.example.zipga&referrer=utm_source%3Da%26utm_medium%3Dinstagram_bio%26utm_campaign%3Dlaunch2026,draft
20260827_샘플영상_clip02,youtube,a,2026-09-12 20:00,"일등이어도 사십 점이 안 되면 벌칙이에요. 봐주는 거 없습니다. | 점수 낮으면 집 가는 사이트, 집가
#집가 #shorts",https://play.google.com/store/apps/details?id=com.example.zipga&referrer=utm_source%3Da%26utm_medium%3Dyoutube_bio%26utm_campaign%3Dlaunch2026,draft
20260827_샘플영상_clip02,threads,a,2026-09-16 19:00,"친구 먼저 보낸 날, 연락이 안 됐습니다

모임에서 게임 하나 하고, 점수가 낮으면 집에 갈 시간을 알려주는 사이트를 만들고 있습니다.
이름은 집가. 벌칙이 곧 귀가예요.

일등이어도 사십 점이 안 되면 벌칙이에요. 봐주는 거 없습니다.

관심 있으면 댓글 남겨주세요.",https://play.google.com/store/apps/details?id=com.example.zipga&referrer=utm_source%3Da%26utm_medium%3Dthreads_bio%26utm_campaign%3Dlaunch2026,draft
